[
  {"path":"1963_1_66.jpg"},
  {"path":"1963_1_97.jpg"},
  {"path":"1963_1_99.jpg"},
  {"path":"1963_1_117.jpg"},
  {"path":"1963_1_118.jpg"},
  {"path":"1963_1_184.jpg"},
  {"path":"1963_1_222.jpg"},
  {"path":"1963_1_283.jpg"},
  {"path":"1963_1_409.jpg"},
  {"path":"1963_2_16.jpg"},
  {"path":"1963_3_32.jpg"},
  {"path":"1963_3_80.jpg"},
  {"path":"1963_3_81.jpg"},
  {"path":"1963_3_120.jpg"},
  {"path":"1963_3_122.jpg"},
  {"path":"1963_3_200.jpg"},
  {"path":"1963_3_334.jpg"},
  {"path":"1966_15_8.jpg"},
  {"path":"1966_15_9.jpg"},
  {"path":"1966_15_10.jpg"},
  {"path":"1966_15_11.jpg"},
  {"path":"1966_15_12.jpg"},
  {"path":"1966_15_13.jpg"},
  {"path":"1966_15_14.jpg"},
  {"path":"1966_15_15.jpg"},
  {"path":"1966_15_17.jpg"},
  {"path":"1966_15_18.jpg"},
  {"path":"1973_2_5.jpg"},
  {"path":"1975_5.jpg"},
  {"path":"1983_4_1.jpg"},
  {"path":"1985_13_2.jpg"},
  {"path":"CM2016_1.jpg"}
]
